timestamp,query,answer,Recall@5,Precision@5,Semantic Similarity,Faithfulness,Latency(ms),Retrieval(ms),Generation(ms),Total(ms)
2025-10-31 18:43:00,What is this about?,"This document is about the company **ReadSoft**, focusing on its financial performance, market strategy, and the automatic data capture industry it operates in.

It presents detailed figures on:
*   **License income by market** (Europe, Sweden, Other markets)
*   **License revenues by product** (FORMS and INVOICES) from 1996 to 1999
*   **Overall revenue distribution** (Licenses, Service contracts, Hardware, other) from 1996 to 1999

The accompanying text describes:
*   ReadSoft's **market strategy and operations**, including its sales organization, global reach (70% of the world market), expansion plans into Asia, and sales approach.
*   The **""untapped global market"" for automatic data capture**, highlighting its tremendous potential, technological growth, and the key benefits it offers to customers.",0.0,0.0,0.841,0.343,6053.98,1585.08,9456.33,15771.88
2025-11-01 09:44:13,solve question 8.6,"Let's analyze each sentence to determine its validity, assuming standard first-order logic semantics (which includes non-empty domains, as implied by Exercise 8.7 discussing models with empty domains).

**a. ($\exists$x x=x) $\supset$ ($\forall$y $\exists$z y=z)**

*   **Left side: ($\exists$x x=x)**
    *   This translates to ""There exists an x such that x equals x."" In any non-empty domain, there must be at least one object, and every object is equal to itself. Therefore, this statement is always true in standard first-order logic.
*   **Right side: ($\forall$y $\exists$z y=z)**
    *   This translates to ""For every y, there exists a z such that y equals z."" For any object y in a non-empty domain, we can always choose z to be y itself. Thus, this statement is always true.
*   **Implication:** Since both the left and right sides of the implication are always true, the implication (True $\supset$ True) is also always true.
*   **Conclusion:** Sentence (a) is **valid**.

**Automatic Data Capture Market:**
The market for automatic data capture is described as young, growing, and largely untapped, with tremendous potential. Currently, only a fraction of data entry from documents is automated. Key customer benefits of automatic data capture systems include reduced data entry costs, increased accuracy, shorter entry times, improved capacity for seasonal variation, and a better working environment by eliminating monotonous tasks. A report by Wood Associates also highlights the expense of data entry from paper documents.",1.0,1.0,0.0,0.459,8976.52,486.56,9656.6,16096.37
2025-10-28 19:50:22,what happened in 1999,"In 1999, the following occurred:

*   **License revenues by product (SEK m):**
    *   FORMS revenue was approximately 68 SEK m.
    *   INVOICES revenue was approximately 15 SEK m, which represented significant growth for this product.
    *   Both FORMS and INVOICES showed strong year-over-year revenue growth.

*   **Distribution of revenue (SEK m):**
    *   Licenses revenue was approximately 83 SEK m.
    *   Service contracts, development, education revenue was approximately 45 SEK m.
    *   Hardware, other revenue was approximately 43 SEK m.
    *   All three categories (Licenses, Service contracts, and Hardware) demonstrated strong, accelerated growth, with 'Hardware, other' and 'Service contracts, development, education' showing particularly steep increases.",1.0,1.0,0.0,0.322,43350.79,629.01,8681.95,13467.21
2025-10-28 20:05:54,summarize the document,"This document, labeled as page 9, provides an overview of ReadSoft's market performance, revenue distribution, and strategic insights into the automatic data capture market.

**Graphically, the data shows:**
*   **License income by market:** Europe accounts for the largest share at 61%, followed by Sweden at 23%, and other markets at 16%.
*   **License revenues by product (1996-1999):** ""FORMS"" revenue consistently grew from approximately 18 SEK million in 1996 to about 68 SEK million in 1999. ""INVOICES"" revenue, while smaller, also grew from negligible amounts in the early years to approximately 15 SEK million by 1999.
*   **Distribution of total revenue (1996-1999):** All three categories—Licenses, Service contracts/development/education, and Hardware/other—showed consistent growth. Licenses were the largest contributor, growing from approximately 18 SEK million to 82 SEK million. Service grew from about 7 SEK million to 45 SEK million, and Hardware from roughly 5 SEK million to 43 SEK million.

**Descriptive text highlights:**
*   ReadSoft's sales organization covers about 70 percent of the world market, with future plans to establish organizations in Japan and another Asian market. The company employs a strategy of direct sales and distribution, valuing local presence for market penetration.
*   The market for automatic data capture is described as young, largely untapped, and having tremendous potential, with only a small fraction of data entry currently automated.
*   Key customer benefits of investing in automatic data capture include reduced data entry costs, increased accuracy, shorter entry times, improved capacity for seasonal variation, and a better working environment.
*   A report by Wood Associates on the expense of data entry from paper documents is mentioned, though the sentence is incomplete.",1.0,1.0,0.813,0.426,7080.44,11656.53,16669.42,33191.97
2025-10-28 20:08:46,what happened in 1999,"In 1999, the following occurred regarding revenues:

*   **License revenues by product:**
    *   FORMS generated approximately 68 SEK million.
    *   INVOICES generated approximately 15 SEK million.
*   **Distribution of revenue:**
    *   Licenses generated approximately 82 SEK million.
    *   Service contracts, development, education generated approximately 45 SEK million.
    *   Hardware, other generated approximately 43 SEK million.",1.0,1.0,0.578,0.275,42756.94,675.82,13568.4,19662.19
2025-10-28 20:22:53,summarize the document,"This document provides a comprehensive overview of ReadSoft's financial performance, market strategy, and insights into the automatic data capture market.

**Key highlights from the document include:**

*   **Financial Performance:**
    *   **License Income by Market:** Europe accounts for the largest share of license income (61%), followed by Sweden (23%) and other markets (16%).
    *   **License Revenues by Product:** Revenues from the ""FORMS"" product significantly increased from 1996 to 1999, consistently outperforming ""INVOICES,"" which also showed growth, particularly in 1999.
    *   **Distribution of Revenue:** ""Licenses"" consistently generated the largest portion of total revenue and showed strong growth between 1996 and 1999. ""Service contracts, development, education"" and ""Hardware, other"" categories also demonstrated healthy growth over the same period, contributing substantially to overall revenue.
*   **Market Strategy and Global Presence:**
    *   ReadSoft's sales organization covers approximately 70% of the world market, with presence in major US cities.
    *   Future expansion plans include establishing sales organizations in Japan and another Asian market.
    *   The company employs a dual sales strategy, selling directly to customers and through distributors, emphasizing local presence for increased focus, sales control, and market penetration.
    *   Breaking into strategic markets and gaining market share are crucial for ReadSoft's strength and position.
*   **Automatic Data Capture Market:**
    *   Described as a young and largely untapped market with ""tremendous potential,"" driven by technological development.
    *   Currently, only a fraction of data entry from documents is automated in the business world.
    *   Primary customer benefits of automatic data capture systems include reduced data entry costs, increased accuracy, shorter entry times, improved capacity for seasonal variations, and a better working environment.
    *   A report by Wood Associates highlights the significant expense of manual data entry from paper documents.",0.0,0.0,0.808,0.452,51109.09,615.47,10030.19,14915.31
